amount,amount_ratio,transaction_frequency,hour,device_new,location_changed,behavior_deviation,fraud
7110.00,0.79,0,5,0,0,0,0
5220.00,0.58,0,23,0,0,50,0
1256.00,1.57,0,21,0,0,0,0
7440.00,1.86,0,23,0,0,0,0
1200.00,0.48,1,9,0,0,0,0
2825.00,1.13,2,23,0,0,0,0
424.00,0.53,0,21,0,0,50,0
3375.00,1.35,3,23,0,0,0,0
1500.00,0.60,0,9,0,0,0,0
3000.00,0.50,0,16,0,0,0,0
6360.00,1.06,0,14,1,0,0,0
7140.00,1.19,0,20,0,0,0,0
408.00,0.51,0,5,0,0,0,0
4424.00,5.53,0,19,0,0,30,1
2080.00,0.52,1,11,0,0,0,0
10320.00,2.58,0,10,0,0,80,0
1635.00,1.09,0,20,0,0,0,0
3780.00,0.42,1,11,0,1,0,0
1400.00,0.56,1,0,0,0,0,1
9270.00,1.03,1,10,0,0,0,0
53280.00,8.88,0,18,0,0,30,0
4120.00,5.15,1,23,0,0,30,1
880.00,1.10,0,23,0,0,50,0
3640.00,0.91,0,9,0,0,0,0
2750.00,1.10,1,10,0,0,50,0
3520.00,0.88,0,8,0,1,0,0
3420.00,0.57,0,13,0,0,0,0
2840.00,0.71,0,15,0,0,0,0
1620.00,0.27,0,13,0,0,0,0
944.00,1.18,2,22,0,0,0,0
3920.00,0.98,1,23,0,0,0,0
18550.00,7.42,0,8,1,0,80,1
7560.00,0.84,1,19,0,0,0,0
885.00,0.59,0,15,0,1,0,0
7020.00,0.78,1,7,0,0,0,0
1635.00,1.09,0,9,1,0,0,0
1650.00,1.10,0,23,0,0,0,0
1000.00,1.25,0,5,0,0,0,0
1376.00,1.72,0,13,0,0,0,0
11580.00,1.93,3,11,0,0,0,0
2600.00,1.04,1,15,0,0,50,0
3975.00,1.59,0,7,0,0,0,0
10720.00,2.68,0,13,0,0,80,0
3480.00,0.87,0,14,0,0,0,0
4600.00,1.15,0,5,0,0,0,0
1260.00,0.84,3,13,0,0,0,0
3150.00,1.26,1,15,0,0,0,0
1035.00,0.69,1,21,0,0,0,0
1120.00,1.40,0,20,0,0,50,0
13020.00,2.17,0,16,0,0,0,0
705.00,0.47,0,23,0,0,50,0
2040.00,2.55,1,1,0,0,30,1
1000.00,1.25,4,8,0,0,0,0
975.00,0.39,6,22,0,0,0,0
2220.00,1.48,0,15,0,0,0,0
4840.00,1.21,1,20,0,1,0,0
6120.00,1.02,4,15,0,0,50,0
2075.00,0.83,5,2,0,0,0,1
2940.00,1.96,0,14,0,0,0,0
12600.00,3.15,2,10,1,0,80,1
5910.00,3.94,0,23,0,0,30,0
12300.00,4.92,0,10,0,0,30,0
6390.00,0.71,0,6,0,0,0,0
6920.00,1.73,4,19,0,0,0,0
10740.00,1.79,0,20,0,0,50,0
2610.00,0.29,1,23,0,0,0,0
2550.00,1.02,0,4,1,0,0,0
6300.00,0.70,1,14,0,0,0,0
4992.00,6.24,0,15,0,0,30,0
5520.00,0.92,0,7,0,0,0,0
1875.00,0.75,4,23,0,0,0,1
4480.00,1.12,0,9,1,0,0,0
5320.00,1.33,0,15,0,0,0,0
5040.00,0.84,0,1,0,1,0,1
3200.00,0.80,0,10,0,0,0,0
1800.00,1.20,5,2,0,1,0,1
11610.00,1.29,0,15,0,0,0,0
9880.00,2.47,0,10,0,0,20,0
775.00,0.31,3,20,0,0,0,0
6320.00,1.58,0,17,0,0,0,0
3840.00,0.64,0,18,0,0,0,0
3520.00,0.88,1,15,0,0,0,0
376.00,0.47,0,11,0,0,50,0
3025.00,1.21,0,16,0,0,0,0
1710.00,1.14,0,18,0,0,0,0
2010.00,1.34,0,17,0,0,50,0
3850.00,1.54,1,11,0,1,0,0
424.00,0.53,1,23,0,0,50,0
648.00,0.81,0,12,0,0,0,0
2320.00,0.58,0,18,0,0,0,0
2775.00,1.11,0,15,0,0,0,0
4320.00,0.48,0,8,0,0,0,0
264.00,0.33,0,13,0,0,50,0
27720.00,6.93,0,7,0,0,30,1
1360.00,0.34,1,6,0,0,50,0
3030.00,2.02,0,2,0,0,50,1
8190.00,0.91,1,2,0,0,0,0
9280.00,2.32,0,15,0,0,0,0
3660.00,0.61,0,14,0,0,50,0
10260.00,1.14,0,5,1,0,50,0
3040.00,0.76,0,10,0,0,0,0
488.00,0.61,0,14,0,0,0,0
7260.00,1.21,1,12,0,0,0,0
3680.00,0.92,0,15,0,0,0,0
760.00,0.95,1,23,0,0,50,0
1550.00,0.62,0,12,0,0,0,0
930.00,0.62,1,21,0,0,0,0
49050.00,5.45,0,11,0,0,80,0
7880.00,1.97,0,18,0,1,0,0
352.00,0.44,0,23,0,0,0,0
3480.00,2.32,2,13,0,0,50,0
1200.00,0.80,0,2,0,0,0,0
808.00,1.01,0,18,0,0,50,0
5340.00,0.89,0,15,0,0,50,0
17820.00,1.98,0,17,0,0,0,0
2720.00,0.68,1,8,0,0,0,0
2525.00,1.01,0,1,0,0,0,0
10080.00,1.12,1,17,0,0,20,0
3160.00,3.95,0,18,0,0,30,0
3920.00,0.98,0,19,0,1,0,0
1975.00,0.79,0,19,1,0,0,0
328.00,0.41,0,7,0,0,20,0
1095.00,0.73,1,16,0,0,0,0
23760.00,3.96,0,12,0,0,30,0
6800.00,1.70,1,10,0,0,0,0
8160.00,1.36,1,0,0,0,0,0
5552.00,6.94,1,15,1,0,100,1
9960.00,1.66,0,21,0,0,0,0
5130.00,0.57,2,15,0,0,0,0
11520.00,1.92,0,14,0,0,0,0
1184.00,1.48,5,21,0,0,0,0
936.00,1.17,0,22,0,0,20,0
1392.00,1.74,0,22,0,0,50,0
6300.00,2.52,1,5,0,0,30,0
3810.00,2.54,0,23,0,0,30,0
2425.00,0.97,0,19,0,0,0,0
4425.00,1.77,0,12,0,0,0,0
2745.00,1.83,1,11,0,0,0,0
7110.00,0.79,0,7,0,0,0,0
9720.00,1.08,0,6,0,0,0,0
720.00,0.90,2,21,0,0,20,0
1845.00,1.23,5,21,0,0,0,0
1350.00,0.90,0,8,1,0,0,0
1665.00,1.11,0,12,0,0,50,0
1920.00,0.48,4,2,0,0,50,1
5130.00,0.57,0,6,0,0,0,0
600.00,0.75,2,17,0,0,0,0
2600.00,1.04,0,21,0,0,0,0
2550.00,1.02,1,13,0,0,0,0
5160.00,0.86,0,11,0,0,0,0
944.00,1.18,1,9,0,0,50,0
2200.00,0.55,0,11,0,0,0,0
16320.00,2.72,5,13,0,0,30,0
4740.00,0.79,2,17,0,0,0,0
4680.00,0.78,1,23,0,0,0,0
4680.00,0.78,0,13,0,0,0,0
3660.00,0.61,4,10,0,0,0,0
2225.00,0.89,0,9,1,0,0,0
888.00,1.11,0,13,0,0,0,0
808.00,1.01,1,22,1,1,50,0
2125.00,0.85,0,5,0,0,0,0
12500.00,5.00,0,19,0,0,50,0
3120.00,0.78,0,18,0,1,50,0
735.00,0.49,0,1,0,0,50,0
20520.00,2.28,2,19,0,0,50,0
2625.00,1.75,4,18,0,0,0,0
9810.00,1.09,0,13,0,0,0,0
6060.00,1.01,0,21,0,0,0,0
3060.00,0.34,0,14,0,0,0,0
28560.00,7.14,0,6,0,0,30,1
3750.00,1.50,0,11,0,0,0,0
1395.00,0.93,0,4,0,0,50,0
7600.00,1.90,0,22,0,0,0,0
4800.00,1.20,0,11,1,0,0,0
1305.00,0.87,1,18,0,0,50,0
5325.00,2.13,0,15,0,0,20,0
7020.00,0.78,0,8,0,0,0,0
3180.00,0.53,0,21,0,0,0,0
6750.00,0.75,2,2,0,0,0,1
4140.00,0.69,2,16,0,0,50,0
288.00,0.36,1,16,1,0,0,0
776.00,0.97,0,10,0,0,0,0
3960.00,0.44,2,10,0,0,20,0
496.00,0.62,5,14,0,0,0,0
11920.00,2.98,0,9,0,0,80,0
1860.00,1.24,0,12,0,1,0,0
1440.00,0.96,1,12,0,0,50,0
3270.00,2.18,0,19,0,0,0,0
6000.00,1.50,0,23,0,1,0,0
880.00,1.10,5,21,0,0,0,1
3480.00,0.58,4,16,0,0,0,0
15390.00,1.71,0,13,0,0,50,0
2500.00,1.00,0,23,0,0,50,0
4455.00,2.97,0,19,0,1,30,1
1545.00,1.03,1,12,0,0,0,0
6900.00,2.76,0,12,0,0,30,0
31860.00,5.31,1,15,0,0,50,0
864.00,1.08,0,13,0,0,20,0
952.00,1.19,0,17,0,0,0,0
5480.00,1.37,3,14,0,1,0,1
9990.00,1.11,0,19,0,0,0,0
3180.00,0.53,0,3,0,0,0,0
4120.00,1.03,0,20,0,0,0,0
2575.00,1.03,5,22,0,0,50,1
1784.00,2.23,0,9,0,0,0,0
885.00,0.59,2,5,0,0,0,0
3160.00,0.79,0,12,0,0,50,0
5960.00,1.49,0,9,0,0,0,0
1725.00,1.15,2,2,0,1,0,1
5400.00,1.35,0,15,0,0,0,0
3075.00,1.23,3,22,0,0,0,0
1215.00,0.81,0,10,0,0,50,0
6960.00,1.16,0,19,0,0,50,0
2850.00,1.14,0,14,0,0,0,0
16020.00,1.78,0,7,0,0,0,0
3120.00,0.78,1,10,0,0,0,0
6000.00,1.00,0,22,0,0,0,0
10440.00,1.16,0,12,0,0,0,0
10380.00,1.73,1,17,0,0,0,0
5160.00,0.86,0,17,0,0,50,0
2350.00,0.94,0,8,0,0,0,0
6060.00,4.04,0,15,0,0,30,1
525.00,0.35,0,8,1,0,0,0
3360.00,0.56,3,3,0,0,0,1
7200.00,0.80,0,18,0,0,0,0
6025.00,2.41,0,14,0,0,0,0
1225.00,0.49,0,14,0,0,0,0
4095.00,2.73,0,21,0,0,30,0
9600.00,1.60,0,13,0,1,50,0
7380.00,0.82,0,21,0,0,0,0
7020.00,0.78,0,23,0,0,0,0
1110.00,0.74,0,0,0,0,0,0
12240.00,2.04,0,15,0,0,0,0
2720.00,0.68,3,9,1,0,0,1
26640.00,2.96,0,20,0,0,30,0
4740.00,0.79,0,8,0,0,0,0
8040.00,1.34,1,8,0,0,50,0
9000.00,1.00,0,3,0,0,50,0
4980.00,0.83,0,0,0,0,0,0
3840.00,0.64,0,6,0,0,0,0
9630.00,1.07,0,20,0,0,70,0
520.00,0.65,1,8,0,0,50,0
1125.00,0.45,1,9,0,1,0,0
808.00,1.01,1,12,0,0,0,0
7020.00,0.78,0,12,0,0,50,0
6480.00,1.08,2,16,0,0,0,0
1440.00,0.96,0,11,0,0,0,0
50940.00,8.49,0,18,0,1,80,1
3750.00,1.50,0,20,1,0,0,0
2820.00,0.47,0,23,0,1,0,0
5100.00,0.85,7,19,0,0,0,0
2445.00,1.63,2,22,0,0,50,0
2000.00,0.80,1,22,0,0,0,0
728.00,0.91,0,9,0,0,0,0
3840.00,0.96,1,21,0,0,0,0
3300.00,0.55,0,18,0,0,0,0
3000.00,0.75,0,23,0,0,0,0
925.00,0.37,0,9,0,0,20,0
3360.00,0.56,0,10,0,0,0,0
7560.00,1.89,0,9,0,0,0,0
2950.00,1.18,1,19,0,0,0,0
1710.00,1.14,1,17,1,0,50,1
7160.00,1.79,0,6,0,0,50,0
6420.00,1.07,0,7,0,0,0,0
2445.00,1.63,0,5,0,0,0,0
14880.00,2.48,1,15,0,0,50,0
3560.00,0.89,0,16,0,1,50,0
4150.00,1.66,0,0,0,0,0,0
2680.00,0.67,1,11,0,0,70,0
6540.00,1.09,3,2,0,1,0,1
12690.00,1.41,4,12,0,0,50,1
1080.00,0.72,1,23,0,0,0,0
9180.00,1.02,1,18,0,0,50,0
12240.00,1.36,0,11,0,1,0,0
3350.00,1.34,0,22,0,0,0,0
7140.00,1.19,0,12,0,0,0,0
2340.00,0.39,0,8,0,0,0,0
4770.00,0.53,3,19,0,0,0,0
5040.00,0.56,1,21,0,0,50,0
4120.00,1.03,6,5,0,0,50,1
4200.00,1.05,0,11,0,0,50,0
2445.00,1.63,0,6,0,0,50,0
768.00,0.96,0,15,0,0,0,0
1128.00,1.41,0,10,0,0,0,0
5940.00,0.66,1,22,0,0,0,0
1175.00,0.47,4,15,0,0,50,1
1185.00,0.79,0,20,0,0,50,0
2955.00,1.97,4,20,0,0,50,1
13860.00,1.54,0,12,0,0,0,0
51050.00,20.42,0,12,0,0,80,0
4550.00,1.82,1,12,0,0,0,0
12555.00,8.37,0,15,0,0,30,0
4680.00,0.52,1,23,0,0,50,0
6780.00,1.13,2,8,0,0,0,0
2152.00,2.69,0,17,1,0,30,1
1900.00,0.76,0,0,0,0,0,0
1500.00,1.00,4,19,0,1,50,1
1200.00,1.50,0,5,0,0,0,0
1775.00,0.71,1,23,0,0,0,0
930.00,0.62,2,23,1,0,50,1
8680.00,2.17,1,17,0,0,0,0
1920.00,1.28,2,12,0,0,0,0
6660.00,1.11,0,18,0,0,0,0
3540.00,0.59,0,4,0,0,50,0
2055.00,1.37,0,23,0,0,50,0
555.00,0.37,1,23,0,0,0,0
63680.00,15.92,0,11,0,0,30,1
1035.00,0.69,0,6,0,0,0,0
928.00,1.16,0,17,0,0,0,0
8580.00,1.43,0,15,0,0,0,0
1040.00,1.30,1,21,0,0,0,0
800.00,1.00,0,18,0,0,50,0
3640.00,0.91,0,1,0,0,0,0
9360.00,1.04,0,8,0,0,0,0
4800.00,0.80,1,18,0,0,0,0
4140.00,0.69,0,21,0,0,0,0
20640.00,5.16,4,22,0,0,80,1
6090.00,4.06,0,10,1,0,30,0
3240.00,0.81,0,12,0,0,0,0
48960.00,5.44,3,11,0,0,30,0
2575.00,1.03,0,22,0,0,0,0
2500.00,1.00,2,12,0,0,0,0
824.00,1.03,6,16,0,0,0,0
312.00,0.39,0,23,0,0,0,0
1875.00,0.75,0,8,0,0,0,0
5700.00,0.95,1,10,1,0,0,0
1920.00,1.28,0,10,0,0,0,0
1860.00,0.31,0,21,0,0,50,0
4600.00,1.84,0,15,0,0,50,0
2840.00,0.71,1,14,0,0,0,0
825.00,0.55,0,0,0,0,50,0
1980.00,1.32,1,20,0,0,0,0
616.00,0.77,1,15,0,0,0,0
8910.00,0.99,2,20,0,0,0,0
3375.00,1.35,1,19,0,0,0,0
3880.00,0.97,0,11,0,0,20,0
840.00,0.56,0,23,0,0,0,0
5425.00,2.17,0,15,0,0,0,0
13860.00,1.54,0,16,0,0,50,0
52200.00,13.05,0,13,0,0,30,1
9600.00,1.60,0,15,0,0,0,0
9060.00,1.51,0,13,0,1,0,0
7740.00,1.29,0,7,0,0,0,0
8625.00,3.45,0,21,0,0,30,0
1125.00,0.45,0,8,0,1,0,0
930.00,0.62,1,18,0,1,0,0
2875.00,1.15,1,2,0,0,0,1
3540.00,0.59,0,10,0,0,0,0
10620.00,1.18,1,9,0,0,0,0
14580.00,2.43,0,8,0,0,0,0
608.00,0.76,0,3,0,0,50,0
5160.00,0.86,1,9,0,0,0,0
3320.00,0.83,1,17,0,0,0,0
9360.00,1.04,0,17,0,0,0,0
1530.00,1.02,0,8,0,0,50,0
7110.00,0.79,0,13,0,0,0,0
885.00,0.59,0,14,0,0,20,0
3750.00,1.50,7,4,0,0,0,1
1485.00,0.99,0,20,1,0,0,0
872.00,1.09,2,19,0,0,0,0
9720.00,1.08,0,11,0,0,0,0
12060.00,1.34,1,12,0,0,50,0
11790.00,1.31,0,8,1,0,0,0
1650.00,0.66,1,15,0,0,0,0
1935.00,1.29,0,6,0,0,50,0
7020.00,0.78,1,2,0,0,20,0
1750.00,0.70,4,16,0,0,0,0
14040.00,1.56,0,13,0,0,50,0
8700.00,1.45,0,11,0,0,0,0
960.00,1.20,0,23,0,0,0,0
4080.00,0.68,1,11,0,0,0,0
930.00,0.62,0,18,0,1,0,0
968.00,1.21,3,18,0,0,0,0
5720.00,1.43,0,9,0,0,0,0
1845.00,1.23,0,8,0,0,50,0
35460.00,3.94,2,17,0,0,30,1
3976.00,4.97,0,18,0,0,30,0
5040.00,0.56,2,9,0,0,0,1
584.00,0.73,0,21,0,0,50,0
8640.00,0.96,0,22,0,0,0,0
765.00,0.51,1,17,1,0,0,0
7560.00,1.89,0,6,0,0,0,0
1005.00,0.67,0,13,0,0,0,0
2560.00,0.64,1,16,0,0,0,0
7860.00,1.31,1,18,1,0,70,1
1575.00,1.05,0,14,0,0,0,0
4240.00,1.06,2,14,0,0,0,0
6720.00,1.12,0,11,0,0,0,0
9810.00,1.09,0,11,0,0,0,0
1230.00,0.82,6,22,0,0,50,1
7400.00,1.85,0,12,1,0,50,1
2750.00,1.10,0,13,0,0,0,0
15060.00,2.51,5,17,0,0,100,1
2160.00,1.44,3,12,0,0,0,0
33570.00,3.73,3,15,0,0,30,1
3320.00,0.83,1,9,0,0,0,0
3720.00,0.62,1,12,0,0,0,0
8460.00,0.94,0,21,0,0,0,0
3160.00,0.79,0,22,0,0,0,0
2650.00,1.06,0,16,0,0,0,0
3180.00,0.53,0,21,0,0,50,0
3025.00,1.21,1,18,0,0,0,0
704.00,0.88,0,3,0,1,50,1
2970.00,0.33,1,18,1,1,0,1
915.00,0.61,0,18,0,0,0,0
816.00,1.02,1,15,0,0,0,0
1155.00,0.77,1,9,0,0,50,0
7720.00,1.93,5,3,0,0,0,1
1450.00,0.58,0,18,0,0,0,0
1320.00,0.88,0,14,0,0,0,0
5880.00,0.98,1,22,0,0,0,0
10040.00,2.51,2,0,0,0,100,1
6350.00,2.54,3,21,0,0,80,0
11160.00,1.24,2,13,0,0,0,0
12060.00,1.34,0,23,0,0,50,0
34380.00,3.82,2,11,0,0,30,0
3760.00,0.94,1,7,0,0,0,0
584.00,0.73,2,6,0,0,0,0
31590.00,3.51,0,6,0,0,30,0
6675.00,2.67,1,18,0,0,80,0
3325.00,1.33,0,18,0,0,0,0
1695.00,1.13,0,18,0,0,0,0
765.00,0.51,0,13,0,0,0,0
984.00,1.23,7,15,0,0,0,1
1620.00,1.08,0,15,0,0,50,0
5216.00,6.52,0,19,0,0,30,0
5075.00,2.03,0,21,1,0,0,0
8640.00,1.44,1,17,0,0,70,0
1320.00,0.88,0,9,0,0,0,0
5040.00,0.84,0,9,0,0,0,0
6760.00,1.69,3,22,0,0,0,0
1620.00,0.27,0,15,0,0,0,0
5460.00,0.91,0,20,0,0,0,0
1525.00,0.61,2,12,0,0,50,0
528.00,0.66,2,11,0,0,0,0
8820.00,0.98,0,20,0,0,20,0
7110.00,0.79,0,9,0,0,0,0
2232.00,2.79,0,18,0,0,30,0
1410.00,0.94,0,9,0,0,50,0
2325.00,0.93,1,5,1,0,0,0
1056.00,1.32,1,0,0,0,0,0
13050.00,1.45,0,15,1,0,70,1
4440.00,1.11,0,21,0,0,0,0
1950.00,1.30,2,10,0,1,0,0
31920.00,7.98,1,15,0,0,30,1
1224.00,1.53,0,17,0,0,0,0
13560.00,2.26,6,8,0,0,20,1
464.00,0.58,1,16,0,1,50,1
520.00,0.65,1,9,0,0,0,0
4000.00,1.00,0,13,0,0,0,0
6560.00,1.64,1,21,0,0,0,0
1700.00,0.68,1,9,0,0,0,0
1830.00,1.22,3,20,0,0,0,0
2025.00,0.81,1,20,0,0,50,0
8370.00,0.93,0,23,0,0,0,0
9090.00,1.01,0,1,0,0,0,0
2865.00,1.91,1,11,0,0,0,0
1500.00,1.00,0,5,0,0,0,0
3900.00,1.56,0,14,0,0,50,0
3600.00,0.60,1,21,0,0,0,0
735.00,0.49,0,19,0,1,0,0
8640.00,1.44,1,11,0,0,0,0
344.00,0.43,0,11,0,0,0,0
1590.00,1.06,0,16,0,0,0,0
3900.00,2.60,0,13,0,0,50,0
4350.00,1.74,2,11,0,0,0,0
1500.00,0.60,1,20,0,0,0,0
880.00,1.10,0,10,0,0,70,0
4680.00,0.52,0,17,0,0,0,0
5120.00,1.28,1,21,0,0,0,0
1925.00,0.77,1,9,0,1,20,0
4120.00,1.03,0,3,0,0,0,0
3520.00,0.88,0,16,0,0,0,0
2535.00,1.69,1,4,1,0,0,1
3840.00,0.64,0,19,1,0,0,0
4560.00,1.14,0,11,0,0,0,0
1232.00,1.54,0,21,0,0,0,0
4080.00,1.02,1,6,0,1,0,0
5160.00,0.86,0,15,0,0,0,0
4260.00,0.71,0,6,0,1,50,1
5000.00,1.25,0,9,0,0,0,0
21600.00,3.60,0,20,0,0,30,0
1900.00,0.76,0,22,0,1,0,0
3600.00,0.60,2,21,0,0,20,0
43470.00,4.83,1,15,0,0,30,1
9000.00,1.00,6,21,0,1,50,1
570.00,0.38,1,21,0,0,20,0
41680.00,10.42,1,21,0,0,30,0
5720.00,1.43,0,6,0,0,0,0
13860.00,1.54,0,11,0,0,0,0
1875.00,0.75,0,16,0,0,0,0
3480.00,0.58,3,9,0,0,0,0
3720.00,2.48,1,19,0,0,0,0
1048.00,1.31,0,18,0,0,50,0
552.00,0.69,0,16,0,0,0,0
6660.00,1.11,0,12,0,0,0,0
5310.00,0.59,1,5,0,0,0,0
4450.00,1.78,0,16,0,0,50,0
9000.00,1.00,0,20,0,0,50,0
7140.00,1.19,0,4,0,0,0,0
5790.00,3.86,0,22,0,0,30,0
855.00,0.57,3,9,0,0,50,0
960.00,0.64,0,23,0,0,0,0
13770.00,1.53,1,23,0,0,0,0
480.00,0.60,0,17,0,0,0,0
6960.00,1.16,2,11,0,0,0,0
945.00,0.63,0,12,0,0,0,0
4560.00,3.04,0,12,0,0,30,0
10080.00,1.12,1,16,0,0,20,0
1776.00,2.22,0,10,0,0,0,0
12600.00,1.40,1,14,0,0,50,0
1275.00,0.51,0,8,0,0,50,0
4425.00,1.77,0,1,0,0,0,1
9240.00,2.31,0,12,1,0,0,0
8865.00,5.91,0,13,1,0,80,1
6560.00,1.64,1,13,0,0,0,0
17370.00,1.93,0,23,0,0,0,0
2075.00,0.83,0,13,0,0,0,0
2625.00,1.75,0,9,0,0,0,0
6750.00,0.75,2,8,0,0,50,0
28170.00,3.13,0,19,0,0,80,0
2375.00,0.95,1,15,0,0,0,0
1048.00,1.31,0,8,0,0,0,0
1935.00,1.29,0,10,0,0,50,0
4500.00,0.50,0,2,0,1,0,1
2600.00,0.65,3,17,0,0,0,0
1185.00,0.79,0,11,0,0,0,0
936.00,1.17,0,6,0,0,0,0
870.00,0.58,0,23,1,0,0,0
13500.00,1.50,1,13,0,0,50,0
5040.00,0.56,3,16,0,0,0,0
1560.00,0.39,0,3,0,0,0,0
8025.00,3.21,0,13,1,0,80,1
5520.00,1.38,0,17,0,0,50,0
448.00,0.56,0,11,0,0,70,0
10380.00,1.73,0,16,0,0,50,0
14520.00,2.42,0,10,0,0,0,0
10520.00,2.63,1,9,0,0,30,0
5720.00,1.43,1,12,1,0,0,0
7380.00,1.23,1,13,0,0,0,0
2325.00,0.93,0,9,0,0,0,0
3990.00,2.66,1,23,0,0,30,0
9720.00,1.62,0,12,0,0,0,0
600.00,0.75,1,10,0,0,0,0
840.00,1.05,0,16,0,0,0,0
1260.00,0.84,0,5,0,0,0,0
3690.00,2.46,1,20,0,1,0,0
2725.00,1.09,0,22,0,0,0,0
1050.00,0.42,0,12,0,0,0,0
1110.00,0.74,4,10,0,0,0,0
2575.00,1.03,1,16,0,0,0,0
5440.00,1.36,2,14,0,1,0,0
720.00,0.90,0,16,1,0,0,0
6660.00,0.74,0,15,0,0,0,0
11640.00,1.94,0,8,0,1,0,0
9450.00,1.05,0,13,0,0,0,0
3824.00,4.78,0,5,0,0,30,0
3040.00,0.76,0,13,0,0,50,0
4936.00,6.17,0,11,0,0,30,0
3560.00,0.89,0,8,0,0,0,0
27180.00,4.53,0,15,0,0,30,0
7740.00,0.86,8,20,1,0,0,1
1175.00,0.47,0,8,0,0,70,0
3025.00,1.21,0,21,0,1,50,0
6320.00,1.58,3,11,0,0,0,0
3555.00,2.37,2,2,1,0,0,1
6840.00,1.14,1,20,0,0,0,0
4350.00,1.74,0,9,1,0,20,0
18720.00,2.08,1,13,0,0,50,0
16880.00,4.22,1,19,0,0,50,1
5040.00,1.26,0,10,0,0,50,0
6660.00,1.11,0,11,0,0,0,0
5320.00,1.33,1,23,0,0,0,0
4680.00,0.78,0,10,0,0,0,0
1725.00,0.69,0,13,0,0,0,0
3015.00,2.01,0,22,0,0,20,0
464.00,0.58,0,8,1,1,0,0
1240.00,0.31,0,22,0,0,0,0
1800.00,0.72,1,15,0,0,0,0
1376.00,1.72,0,1,0,0,50,0
1545.00,1.03,0,9,0,0,50,0
1905.00,1.27,0,17,0,0,0,0
9270.00,1.03,1,7,0,0,0,0
12360.00,2.06,1,1,0,0,50,0
4520.00,1.13,0,14,0,0,0,0
2070.00,1.38,0,17,0,1,0,0
1640.00,0.41,0,5,1,1,0,0
6160.00,1.54,1,18,0,0,0,0
1232.00,1.54,0,9,0,0,0,0
832.00,1.04,0,7,0,0,50,0
15120.00,1.68,0,7,0,0,0,0
1545.00,1.03,4,21,0,0,0,0
3864.00,4.83,0,18,0,0,30,0
8190.00,0.91,2,0,0,0,20,0
1625.00,0.65,4,7,0,0,0,0
17370.00,1.93,0,15,0,0,50,0
6800.00,1.70,3,8,0,0,0,0
6480.00,1.08,0,21,0,0,0,0
5220.00,0.58,0,16,0,0,0,0
2085.00,1.39,2,17,0,0,50,0
1016.00,1.27,0,17,0,0,0,0
4680.00,0.52,0,18,0,0,50,0
11880.00,1.98,1,21,1,0,50,1
6300.00,0.70,0,19,0,0,0,0
19500.00,3.25,0,11,0,0,30,0
3520.00,0.88,2,23,0,0,0,0
7260.00,1.21,5,20,0,0,0,1
2325.00,1.55,2,9,0,0,0,0
1232.00,1.54,1,18,0,0,50,0
2640.00,0.66,0,8,0,0,0,0
6210.00,0.69,1,21,0,0,50,0
39600.00,4.40,0,10,0,0,30,0
12000.00,2.00,0,15,0,0,50,0
1095.00,0.73,0,10,0,0,0,0
12760.00,3.19,0,18,0,0,30,0
4410.00,0.49,0,17,0,0,0,0
4560.00,0.76,0,22,0,0,0,0
1590.00,1.06,2,21,0,0,0,0
8295.00,5.53,1,10,0,0,80,1
1520.00,1.90,0,2,0,0,0,0
11430.00,1.27,0,12,0,0,0,0
448.00,0.56,0,16,0,1,0,0
3960.00,0.66,0,21,0,0,50,0
5310.00,0.59,0,10,0,1,0,0
2265.00,1.51,5,20,0,0,50,1
1750.00,0.70,0,11,0,0,0,0
9840.00,1.64,0,17,0,0,0,0
1300.00,0.52,1,13,0,0,0,0
504.00,0.63,1,18,0,0,0,0
2700.00,1.08,0,12,0,0,0,0
3105.00,2.07,1,22,1,0,50,0
1064.00,1.33,1,13,0,0,50,0
2925.00,1.17,1,10,0,0,0,0
945.00,0.63,0,22,0,0,50,0
4800.00,0.80,3,22,0,0,0,0
1425.00,0.57,1,23,0,0,0,0
11070.00,7.38,0,0,1,0,30,1
1395.00,0.93,0,21,0,0,0,0
2400.00,0.60,5,5,1,0,0,1
9840.00,1.64,0,19,0,0,50,0
855.00,0.57,0,7,0,0,0,0
304.00,0.38,0,12,0,1,20,0
10440.00,1.16,0,18,0,1,0,0
2400.00,0.60,1,23,0,0,0,0
12725.00,5.09,0,15,0,0,30,1
7650.00,0.85,0,9,0,0,0,0
16380.00,1.82,0,21,0,0,50,0
1965.00,1.31,0,19,0,0,0,0
9630.00,1.07,1,18,0,1,0,0
2640.00,1.76,0,20,0,0,0,0
848.00,1.06,1,23,0,0,0,0
6440.00,1.61,3,10,0,0,0,0
3780.00,0.42,0,5,0,0,0,0
5100.00,0.85,0,23,0,0,0,0
7740.00,0.86,0,8,0,0,0,0
10260.00,1.14,1,18,0,0,0,0
19710.00,2.19,0,8,0,0,50,0
8460.00,0.94,1,22,0,0,0,0
648.00,0.81,1,21,0,0,0,0
920.00,1.15,2,10,0,0,0,0
720.00,0.48,2,11,1,1,0,1
288.00,0.36,4,19,0,1,50,1
1950.00,0.78,0,0,0,1,50,1
1620.00,0.27,0,2,0,0,0,0
520.00,0.65,1,16,0,0,50,1
6280.00,1.57,1,6,0,0,0,0
1112.00,1.39,0,8,0,0,0,0
3690.00,2.46,0,16,0,0,0,0
11220.00,7.48,0,22,0,0,30,0
2480.00,0.62,1,7,1,0,70,0
8640.00,0.96,0,22,0,0,50,0
7380.00,1.23,1,11,0,1,0,1
3225.00,2.15,0,19,0,0,0,0
400.00,0.50,0,8,0,0,50,0
4440.00,1.11,1,18,1,0,0,0
8520.00,1.42,0,20,0,0,0,0
12180.00,2.03,0,23,0,0,50,0
9015.00,6.01,4,14,0,0,30,1
2375.00,0.95,0,19,0,0,0,0
4000.00,1.00,1,18,0,0,50,0
13500.00,1.50,1,9,1,0,0,1
2100.00,0.35,0,8,0,0,0,0
2400.00,0.96,0,21,1,0,50,0
2875.00,1.15,0,23,1,0,0,0
1800.00,0.72,1,9,0,0,0,0
3760.00,0.94,2,19,0,0,0,0
1712.00,2.14,0,21,0,0,0,0
2805.00,1.87,1,12,0,0,50,0
3280.00,0.82,0,18,0,0,0,0
9540.00,1.59,4,23,0,0,50,1
2800.00,0.70,0,7,0,0,0,0
1875.00,0.75,1,12,0,0,0,0
2085.00,1.39,1,19,1,0,0,0
3050.00,1.22,0,21,0,0,0,0
3960.00,0.66,0,17,0,0,0,0
9630.00,1.07,0,12,0,0,0,0
16290.00,1.81,0,14,0,0,0,0
4980.00,0.83,0,15,0,0,0,0
832.00,1.04,3,11,0,1,0,0
5480.00,1.37,1,13,0,0,50,0
9360.00,1.04,0,17,0,0,50,0
864.00,1.08,0,9,0,0,0,0
5950.00,2.38,0,6,0,0,50,0
7800.00,1.95,5,11,0,0,0,1
17475.00,6.99,2,13,0,0,50,1
7380.00,0.82,0,8,0,0,50,0
7500.00,1.25,0,11,0,0,0,0
4680.00,0.78,3,12,0,0,0,0
5460.00,0.91,0,5,0,0,50,0
19020.00,3.17,0,19,0,0,30,0
680.00,0.85,2,17,0,0,0,0
8640.00,2.16,0,15,0,1,0,0
448.00,0.56,0,13,1,0,50,0
4500.00,0.75,0,8,0,0,50,0
432.00,0.54,1,8,0,0,0,0
13680.00,1.52,0,20,0,0,0,0
2100.00,0.84,0,15,0,0,0,0
930.00,0.62,3,23,0,0,0,0
6540.00,1.09,0,14,0,0,0,0
472.00,0.59,0,10,0,0,0,0
4680.00,0.78,1,12,0,0,0,0
4860.00,0.81,1,11,1,0,0,0
1320.00,0.22,0,20,1,0,50,0
1448.00,1.81,0,19,0,0,0,0
4000.00,1.00,0,19,0,0,0,0
456.00,0.57,3,14,0,0,0,0
3080.00,0.77,0,9,0,0,0,0
2760.00,0.46,0,9,0,0,0,0
2360.00,0.59,1,8,0,0,70,0
1695.00,1.13,0,20,0,0,50,0
6360.00,1.06,0,10,0,0,0,0
1665.00,1.11,0,21,0,0,0,0
984.00,1.23,0,14,0,0,50,0
5460.00,0.91,1,18,0,0,0,0
2750.00,1.10,0,17,0,0,0,0
4080.00,1.02,0,20,0,0,0,0
1600.00,0.40,1,8,0,0,0,0
4500.00,1.80,0,7,0,0,0,0
10080.00,1.12,4,12,0,0,50,1
2025.00,0.81,2,9,0,0,0,0
6240.00,1.04,2,7,0,0,0,0
2265.00,1.51,0,18,0,0,0,0
21960.00,5.49,0,9,1,0,80,1
21780.00,2.42,0,18,0,0,50,0
1995.00,1.33,0,23,0,0,50,0
2088.00,2.61,0,22,1,0,30,1
7680.00,1.28,3,21,0,0,0,0
536.00,0.67,5,7,0,0,0,0
1900.00,0.76,1,5,0,0,0,1
4320.00,0.72,0,20,0,0,50,0
3100.00,1.24,4,11,0,0,0,0
10440.00,1.16,1,15,0,0,0,0
640.00,0.80,1,11,1,0,50,0
1935.00,1.29,4,5,0,0,0,0
848.00,1.06,1,16,0,1,0,0
3500.00,1.40,1,18,1,0,20,1
1830.00,1.22,0,19,0,0,0,0
6360.00,1.59,0,5,0,0,0,0
12690.00,1.41,1,3,0,0,50,1
6660.00,0.74,0,8,1,0,0,0
2340.00,1.56,0,9,0,0,0,0
1375.00,0.55,0,3,0,0,0,0
8600.00,2.15,1,10,0,0,50,0
1260.00,0.84,0,17,0,0,0,0
416.00,0.52,0,13,0,0,70,0
6120.00,0.68,0,23,0,1,50,0
960.00,0.24,1,7,0,0,0,0
5985.00,3.99,1,9,0,1,30,0
6760.00,1.69,0,2,0,0,0,0
6660.00,0.74,0,13,0,0,0,0
4360.00,1.09,0,14,0,0,20,0
1080.00,1.35,0,12,0,1,0,0
8820.00,0.98,0,15,0,0,0,0
832.00,1.04,2,12,0,0,0,0
5640.00,0.94,0,7,0,0,0,0
7200.00,0.80,2,10,1,0,0,0
1750.00,0.70,1,14,0,0,0,0
5520.00,0.92,0,14,0,0,0,0
5650.00,2.26,0,12,0,0,0,0
2728.00,3.41,1,13,0,1,30,1
1365.00,0.91,1,17,0,0,50,0
1960.00,2.45,0,22,0,0,0,0
1456.00,1.82,0,14,0,0,0,0
1216.00,1.52,0,15,0,0,0,0
5760.00,0.96,0,7,0,0,0,0
7920.00,1.32,1,18,0,0,70,0
648.00,0.81,1,8,0,0,0,0
12510.00,1.39,0,21,0,0,20,0
10800.00,1.20,0,15,0,0,50,0
3520.00,0.88,2,9,0,1,0,0
8940.00,1.49,0,5,1,0,50,0
520.00,0.65,1,17,0,0,0,0
645.00,0.43,1,21,0,0,0,0
2950.00,1.18,1,14,0,0,50,0
2580.00,0.43,0,21,0,0,0,0
1020.00,0.68,0,11,0,0,0,0
9720.00,1.08,0,11,0,0,0,0
1410.00,0.94,0,23,0,0,0,0
9630.00,6.42,0,17,0,0,30,1
5280.00,0.88,0,17,1,0,0,0
2655.00,1.77,0,23,0,0,0,0
15660.00,2.61,0,23,0,0,50,1
6480.00,1.62,0,11,0,0,0,0
912.00,1.14,0,15,0,0,0,0
2100.00,0.84,0,16,0,0,50,0
3200.00,0.80,4,18,0,0,50,0
4560.00,0.76,0,21,0,0,0,0
3840.00,0.96,2,2,0,0,0,0
1650.00,0.66,0,23,0,0,50,0
6060.00,1.01,0,3,0,0,0,0
1056.00,1.32,1,12,0,0,50,0
2575.00,1.03,0,10,0,0,50,0
688.00,0.86,3,18,0,0,0,0
540.00,0.36,0,21,0,0,0,0
792.00,0.99,2,19,1,0,0,0
1320.00,0.88,0,18,0,1,0,0
1848.00,2.31,1,16,0,0,0,0
12600.00,2.10,1,15,0,0,0,0
690.00,0.46,2,10,1,0,0,1
2800.00,1.12,1,17,1,0,0,1
2805.00,1.87,0,8,0,0,0,0
4080.00,0.68,0,8,0,0,0,0
14385.00,9.59,1,19,0,0,30,0
936.00,1.17,0,19,0,0,0,0
11250.00,1.25,0,16,0,0,0,0
1050.00,0.70,0,16,0,0,0,0
8680.00,2.17,0,13,0,0,0,0
3675.00,1.47,0,3,1,0,50,1
1935.00,1.29,0,6,0,0,0,0
7456.00,9.32,4,4,0,1,30,1
1755.00,1.17,1,23,0,0,0,0
4440.00,0.74,1,16,0,0,0,0
8820.00,0.98,1,17,0,0,50,0
904.00,1.13,0,19,0,0,0,0
776.00,0.97,1,9,0,0,50,0
13500.00,1.50,0,16,0,0,0,0
1335.00,0.89,1,10,1,0,0,0
3720.00,0.62,2,0,0,0,0,0
2130.00,1.42,1,22,0,0,0,0
544.00,0.68,0,17,0,0,50,0
1890.00,1.26,2,4,0,0,0,0
1375.00,0.55,1,18,0,0,0,0
2295.00,1.53,0,20,0,1,50,0
14820.00,2.47,0,13,0,0,0,0
6250.00,2.50,0,20,0,0,0,0
14960.00,3.74,0,11,0,1,80,1
8460.00,0.94,0,21,0,1,0,0
3800.00,0.95,5,20,0,0,50,0
648.00,0.81,0,9,0,0,0,0
6040.00,1.51,0,19,0,0,50,0
6320.00,1.58,1,19,0,0,0,0
7380.00,1.23,1,13,0,0,0,0
50440.00,12.61,0,18,0,0,30,1
2050.00,0.82,3,10,0,0,0,0
2760.00,0.46,1,14,0,0,0,0
1170.00,0.78,5,15,0,0,0,0
936.00,1.17,0,13,0,0,0,0
13440.00,2.24,1,11,0,0,0,0
880.00,1.10,0,15,0,1,0,0
3960.00,0.66,1,18,0,0,50,0
2800.00,1.12,3,9,0,0,0,0
2850.00,1.14,2,1,0,0,50,1
945.00,0.63,0,19,0,0,50,0
5940.00,0.66,0,20,0,0,50,0
11700.00,1.30,0,9,0,1,0,0
4520.00,1.13,1,8,0,0,50,0
28880.00,7.22,0,12,0,0,30,0
10150.00,4.06,1,19,0,0,80,1
24300.00,2.70,0,16,0,0,30,0
5125.00,2.05,1,4,0,0,0,1
3880.00,0.97,1,1,0,0,0,0
2595.00,1.73,4,12,0,0,0,0
2275.00,0.91,1,11,0,0,0,0
2100.00,0.84,1,10,0,0,70,0
13950.00,1.55,0,21,0,0,0,0
1625.00,0.65,1,17,0,0,0,0
7360.00,1.84,0,22,0,1,0,0
4650.00,1.86,0,22,1,0,0,0
3480.00,0.58,0,11,0,0,0,0
13200.00,2.20,0,7,0,0,0,0
1155.00,0.77,1,17,0,0,0,0
12600.00,1.40,1,18,0,0,0,0
2525.00,1.01,0,16,0,0,0,0
975.00,0.65,3,9,0,0,0,0
5160.00,0.86,0,22,0,1,50,0
4480.00,1.12,0,17,0,0,0,0
3840.00,0.64,0,17,0,0,0,0
2760.00,0.69,0,8,0,0,0,0
11800.00,4.72,0,15,0,0,30,0
3150.00,1.26,0,13,0,0,50,0
2760.00,1.84,0,5,1,0,50,0
5160.00,0.86,0,5,1,0,0,1
3780.00,0.63,1,17,0,0,0,0
336.00,0.42,0,8,0,0,0,0
624.00,0.78,0,15,0,0,0,0
2925.00,1.95,0,11,0,0,0,0
768.00,0.96,0,7,0,0,0,0
8220.00,1.37,1,18,0,0,0,0
1184.00,1.48,0,9,0,0,0,0
20160.00,2.24,1,21,0,0,0,0
4560.00,0.76,1,17,0,0,0,0
5640.00,0.94,2,11,0,0,0,0
1400.00,0.56,1,11,0,0,50,0
3900.00,1.56,0,16,0,0,0,0
11820.00,1.97,3,7,0,0,50,0
3500.00,1.40,0,15,0,0,20,0
12150.00,1.35,0,15,0,0,0,0
1192.00,1.49,0,20,0,0,50,0
7020.00,1.17,1,13,0,0,0,0
12900.00,2.15,0,22,0,0,70,0
2960.00,0.74,0,9,0,0,0,0
1665.00,1.11,3,21,0,0,0,0
2100.00,1.40,1,23,0,0,20,0
1208.00,1.51,0,0,0,1,0,0
1320.00,0.88,0,0,0,0,50,0
4620.00,0.77,1,21,0,1,0,0
2700.00,1.80,0,10,0,0,0,0
7020.00,1.17,0,20,0,0,0,0
1750.00,0.70,1,13,0,0,0,0
14310.00,1.59,0,9,0,0,50,0
61920.00,6.88,1,16,0,1,30,1
1176.00,1.47,0,15,1,0,0,0
2400.00,0.40,0,18,0,0,0,0
2850.00,1.14,1,19,0,0,50,0
8040.00,10.05,0,9,0,0,30,0
154260.00,25.71,0,8,0,0,30,0
5100.00,0.85,0,1,0,0,0,0
6040.00,1.51,0,8,0,0,0,0
3800.00,1.52,0,17,0,0,0,0
8025.00,3.21,0,14,0,0,30,0
660.00,0.44,0,19,0,0,50,0
576.00,0.72,1,20,0,0,0,0
2625.00,1.05,0,21,0,0,0,0
11460.00,1.91,2,8,0,0,50,0
6300.00,1.05,1,9,0,0,50,0
6200.00,2.48,1,13,0,0,50,0
3600.00,0.90,0,10,0,0,50,0
1400.00,0.56,1,9,0,0,0,0
3550.00,1.42,0,23,0,0,0,0
3160.00,0.79,3,15,0,0,20,0
1230.00,0.82,0,16,0,0,0,0
920.00,1.15,0,17,0,1,0,1
16110.00,1.79,1,23,0,0,0,0
4800.00,1.20,0,11,0,0,0,0
1975.00,0.79,0,22,0,0,0,0
77520.00,19.38,2,0,0,0,30,1
11610.00,1.29,1,18,1,0,0,0
1416.00,1.77,0,20,0,0,0,0
4880.00,1.22,3,8,0,0,0,0
21600.00,2.40,0,20,0,1,0,0
1650.00,1.10,0,13,0,0,0,0
720.00,0.48,0,13,0,0,50,0
19080.00,2.12,0,14,1,0,50,0
7320.00,1.22,0,14,0,0,0,0
3000.00,1.20,0,20,0,0,50,0
3912.00,4.89,1,15,1,0,30,1
2760.00,0.46,2,19,1,0,0,0
18180.00,2.02,0,8,0,0,50,0
936.00,1.17,0,12,0,0,0,0
3570.00,2.38,1,21,0,0,0,0
808.00,1.01,1,8,0,0,0,0
3560.00,0.89,0,6,0,0,50,0
3880.00,0.97,0,21,1,0,0,0
696.00,0.87,1,18,0,1,0,0
696.00,0.87,0,16,0,0,0,0
976.00,1.22,0,6,0,0,0,0
616.00,0.77,3,9,0,1,0,0
7075.00,2.83,2,7,0,0,30,0
5280.00,0.88,0,16,0,0,0,0
792.00,0.99,1,3,0,0,20,0
7400.00,1.85,0,4,0,0,0,0
8550.00,0.95,0,10,0,0,0,0
825.00,0.55,2,19,0,0,0,0
3200.00,0.80,0,7,0,0,50,0
4080.00,0.68,0,15,1,0,50,1
10980.00,1.22,1,20,0,0,70,0
6060.00,1.01,1,14,0,0,50,0
1000.00,1.25,0,4,0,0,0,0
624.00,0.78,0,23,0,0,50,0
8040.00,2.01,0,12,0,1,50,1
2000.00,0.50,0,22,0,0,0,0
440.00,0.55,1,12,0,1,0,0
728.00,0.91,2,6,0,0,0,0
416.00,0.52,4,6,0,0,0,0
13860.00,1.54,0,22,0,0,0,0
101970.00,11.33,0,13,0,0,80,0
6570.00,0.73,0,7,0,0,50,0
1140.00,0.76,0,21,0,0,0,0
1125.00,0.75,0,9,0,0,0,0
10980.00,1.83,3,22,0,0,0,0
1275.00,0.85,1,13,0,1,0,1
672.00,0.84,0,10,0,0,0,0
5360.00,1.34,0,22,0,0,0,0
12960.00,1.44,1,22,0,0,0,0
31520.00,7.88,0,19,0,0,30,0
6900.00,2.76,0,20,0,0,30,0
1400.00,0.56,0,8,0,0,50,0
7080.00,1.18,1,15,0,0,0,0
9360.00,1.04,0,16,0,0,0,0
885.00,0.59,0,23,0,0,0,0
7380.00,1.23,0,5,0,0,50,0
1760.00,0.44,0,20,0,0,50,0
5670.00,0.63,1,11,0,0,0,0
1136.00,1.42,1,9,0,0,0,0
2520.00,0.63,5,3,0,0,0,1
28350.00,3.15,1,17,0,0,80,1
675.00,0.45,0,13,0,1,0,0
4440.00,5.55,0,10,0,0,30,0
768.00,0.96,0,13,0,0,0,0
680.00,0.85,0,11,0,0,50,0
1384.00,1.73,1,21,0,0,50,0
9720.00,1.08,1,22,0,0,50,0
9900.00,1.65,1,12,0,0,50,0
5940.00,0.99,0,22,0,0,0,0
1925.00,0.77,1,23,0,0,50,0
4800.00,0.80,2,18,0,0,0,0
816.00,1.02,0,8,0,1,0,0
1400.00,0.56,1,21,0,0,0,0
904.00,1.13,3,20,0,0,0,0
2310.00,1.54,0,15,0,0,0,0
3150.00,0.35,0,14,0,0,0,0
2150.00,0.86,0,5,0,0,0,0
11040.00,2.76,1,12,0,0,30,0
7020.00,0.78,1,22,0,0,70,0
3060.00,0.51,0,19,0,0,0,0
2350.00,0.94,0,7,0,0,50,0
16175.00,6.47,1,18,0,0,30,1
11160.00,2.79,1,17,0,0,80,0
3800.00,0.95,1,2,1,0,0,1
4360.00,1.09,0,22,0,0,0,0
2350.00,0.94,1,21,1,0,0,1
8320.00,2.08,0,21,0,0,0,0
1275.00,0.85,2,23,0,0,0,0
6300.00,1.05,5,15,0,0,0,0
1410.00,0.94,1,21,0,0,0,0
15750.00,1.75,0,16,0,0,0,0
3465.00,2.31,0,14,0,0,0,0
3325.00,1.33,0,15,0,0,0,0
752.00,0.94,1,22,0,0,0,0
2010.00,1.34,1,20,0,0,0,0
2225.00,0.89,0,22,0,0,0,0
4050.00,0.45,1,9,0,0,0,0
2144.00,2.68,1,14,0,0,80,0
10800.00,1.80,0,11,0,0,70,0
2800.00,1.12,2,21,0,0,0,0
1352.00,1.69,4,9,0,1,20,1
16380.00,2.73,0,5,0,0,30,0
8460.00,1.41,0,5,0,0,0,0
5580.00,0.62,0,20,0,0,0,0
1530.00,1.02,3,21,0,1,50,1
5560.00,1.39,0,13,0,0,0,0
312.00,0.39,1,8,0,0,0,0
15480.00,1.72,0,13,0,0,0,0
15840.00,1.76,0,19,0,0,0,0
600.00,0.75,7,11,0,0,0,0
2640.00,0.66,2,11,0,0,0,0
1680.00,1.12,1,12,0,0,0,0
2632.00,3.29,1,9,0,0,30,0
9900.00,1.10,1,5,0,1,20,0
1625.00,0.65,2,11,0,1,0,0
7200.00,0.80,0,2,0,0,0,0
1335.00,0.89,0,12,0,0,50,0
8640.00,0.96,0,14,0,0,50,0
5520.00,1.38,0,11,0,0,0,0
2160.00,1.44,1,3,0,1,0,1
9060.00,1.51,0,7,0,0,0,0
8280.00,1.38,1,13,0,0,0,0
3880.00,0.97,1,23,0,1,0,0
22680.00,2.52,1,21,0,0,30,0
17100.00,1.90,4,17,1,0,50,1
936.00,1.17,0,17,0,0,0,0
1065.00,0.71,1,13,0,0,0,0
376.00,0.47,0,19,0,0,50,0
20340.00,2.26,0,14,0,0,0,0
5820.00,0.97,0,2,1,1,0,1
752.00,0.94,1,4,0,0,0,0
1155.00,0.77,1,9,0,0,0,0
5150.00,2.06,0,13,0,0,0,0
1365.00,0.91,0,22,0,0,0,0
3450.00,1.38,1,22,0,0,0,0
2480.00,0.62,0,9,0,0,0,0
3475.00,1.39,4,14,0,0,0,0
10680.00,1.78,0,21,0,0,0,0
1500.00,1.00,1,18,1,0,0,0
3840.00,0.96,0,10,0,0,50,0
232.00,0.29,1,16,0,0,0,0
3660.00,0.61,0,11,1,0,0,0
656.00,0.82,0,23,0,1,0,0
1440.00,0.96,1,9,0,0,0,0
5280.00,0.88,1,20,1,0,50,1
6960.00,1.74,0,22,0,1,0,0
784.00,0.98,5,8,0,0,50,0
2685.00,1.79,0,17,0,0,0,0
6300.00,0.70,0,10,0,0,50,0
2700.00,1.08,0,20,0,0,0,0
15840.00,2.64,1,10,0,0,30,0
512.00,0.64,0,15,0,0,0,0
1020.00,0.68,0,14,0,0,0,0
528.00,0.66,0,13,0,0,50,0
2525.00,1.01,0,18,1,0,0,0
568.00,0.71,0,14,0,0,0,0
728.00,0.91,0,15,0,0,0,0
8460.00,0.94,0,20,0,0,50,0
2680.00,0.67,2,11,0,0,0,0
1064.00,1.33,0,15,0,0,20,0
528.00,0.66,0,19,0,0,50,0
1475.00,0.59,0,8,0,1,0,0
27720.00,3.08,0,19,0,0,30,0
11040.00,1.84,0,18,0,1,0,0
2920.00,0.73,0,7,0,0,70,0
752.00,0.94,0,9,0,0,0,0
5625.00,2.25,0,17,0,0,0,0
1032.00,1.29,0,1,0,0,0,0
9360.00,1.04,0,13,0,0,50,0
3960.00,0.99,0,10,0,0,0,0
6840.00,1.14,4,9,0,0,0,0
12925.00,5.17,0,21,0,0,50,0
1624.00,2.03,0,9,1,0,0,0
12600.00,2.10,2,15,0,1,0,0
3576.00,4.47,0,15,0,0,80,1
56970.00,6.33,0,17,0,0,30,0
5720.00,1.43,0,22,0,0,50,0
648.00,0.81,0,23,0,0,50,0
3880.00,0.97,1,15,0,1,0,0
10620.00,1.18,0,5,0,0,0,0
744.00,0.93,0,20,0,0,0,0
13770.00,1.53,1,0,1,0,0,1
1700.00,0.68,0,4,0,0,0,0
4325.00,1.73,0,20,0,0,0,0
15210.00,1.69,0,21,0,1,0,0
17730.00,1.97,0,2,0,1,0,0
5580.00,0.93,1,18,0,0,50,0
3870.00,2.58,0,23,0,0,30,0
5000.00,1.25,0,8,0,0,0,0
7525.00,3.01,1,23,0,0,30,0
5220.00,0.87,0,16,0,0,50,0
5310.00,0.59,0,1,1,0,0,0
3720.00,0.62,1,17,0,0,0,0
7020.00,0.78,0,16,1,0,0,0
1248.00,1.56,0,15,0,1,0,0
4440.00,0.74,1,22,0,0,0,0
4860.00,0.81,1,9,0,0,50,0
15840.00,1.76,3,17,0,0,50,1
3920.00,0.98,0,21,0,0,0,0
1408.00,1.76,0,11,0,0,50,0
14310.00,1.59,0,14,0,0,50,0
704.00,0.88,1,8,0,0,0,0
32640.00,5.44,2,3,0,0,30,1
5940.00,0.99,0,5,0,0,0,0
10200.00,2.55,2,8,0,0,80,1
1605.00,1.07,0,13,0,0,0,0
3240.00,0.54,0,14,0,0,0,0
22400.00,5.60,0,12,0,1,100,1
6120.00,1.53,0,14,0,0,0,0
3440.00,0.86,0,21,0,0,50,0
2880.00,0.32,1,20,0,0,0,0
568.00,0.71,0,9,0,0,50,0
1425.00,0.57,1,2,0,0,0,0
7560.00,0.84,5,3,1,0,0,1
2125.00,0.85,0,7,0,0,0,0
12080.00,3.02,0,12,0,0,30,0
888.00,1.11,0,21,1,0,0,0
496.00,0.62,1,23,0,0,0,0
37710.00,4.19,0,12,0,1,80,0
8720.00,2.18,0,1,0,0,0,0
92430.00,10.27,0,22,1,0,30,1
792.00,0.99,0,4,0,0,50,0
6780.00,4.52,1,23,0,0,30,0
18540.00,3.09,1,10,0,0,80,1
2340.00,0.39,0,11,0,0,0,0
4080.00,1.02,0,3,0,0,0,1
7560.00,0.84,0,16,0,0,20,0
4845.00,3.23,0,2,0,0,30,1
840.00,1.05,3,19,0,0,0,0
3780.00,0.63,1,9,0,0,50,0
11220.00,1.87,0,5,0,0,0,0
19080.00,3.18,0,20,0,0,30,0
5940.00,0.99,0,21,0,0,0,0
4080.00,0.68,0,8,1,0,0,0
3640.00,0.91,0,18,0,0,50,0
7980.00,1.33,0,18,1,0,0,0
3780.00,0.63,0,12,0,0,0,0
7200.00,1.20,1,16,0,0,0,0
600.00,0.75,0,17,0,0,0,0
2150.00,0.86,1,17,0,0,0,0
4980.00,0.83,1,15,0,0,0,0
8640.00,0.96,1,9,0,0,0,0
5820.00,0.97,0,7,0,0,0,0
800.00,1.00,1,12,1,0,0,1
24240.00,4.04,0,8,1,0,30,1
22320.00,2.48,4,13,0,0,0,0
1875.00,1.25,4,8,0,0,0,0
1335.00,0.89,0,6,0,0,0,0
2920.00,0.73,0,23,0,0,0,0
9630.00,1.07,2,20,0,0,0,0
650.00,0.26,3,16,0,0,0,0
15570.00,1.73,0,16,0,0,0,0
12720.00,8.48,1,15,0,0,30,1
16500.00,2.75,0,14,0,0,30,0
5728.00,7.16,0,19,0,0,80,0
1500.00,0.60,0,19,0,0,0,0
13225.00,5.29,0,15,0,0,30,1
640.00,0.80,1,11,1,0,0,0
1800.00,1.20,1,23,0,0,0,0
2250.00,0.90,1,19,0,0,0,0
3000.00,0.75,0,13,0,0,0,0
9540.00,1.59,1,1,0,0,0,1
4200.00,1.05,0,22,0,0,50,0
4770.00,0.53,0,15,1,0,20,0
1080.00,0.72,1,8,0,0,20,0
11790.00,1.31,1,22,0,0,0,0
6120.00,1.02,0,5,0,0,50,0
14400.00,2.40,1,22,0,0,0,0
3100.00,1.24,3,8,0,0,20,0
576.00,0.72,2,23,0,1,0,0
2535.00,1.69,0,9,0,0,0,0
20610.00,2.29,1,8,0,0,0,0
840.00,1.05,0,15,0,0,0,0
832.00,1.04,1,20,0,0,0,0
2040.00,0.51,0,6,0,0,0,0
448.00,0.56,1,17,0,0,0,0
2150.00,0.86,1,22,0,0,0,0
13920.00,3.48,5,12,0,0,30,1
3720.00,0.93,0,8,0,0,0,0
11160.00,1.24,1,10,0,0,0,0
2920.00,0.73,0,15,0,0,0,0
624.00,0.78,0,16,0,0,0,0
4320.00,1.08,0,18,0,0,50,0
400.00,0.50,2,11,0,0,50,0
4050.00,0.45,0,23,0,0,50,0
8550.00,0.95,0,19,0,0,0,0
2008.00,2.51,3,17,0,0,80,1
1200.00,0.48,0,23,0,0,0,0
12105.00,8.07,0,14,0,0,30,0
6560.00,1.64,1,11,0,0,0,0
90450.00,10.05,0,22,0,0,30,0
4410.00,0.49,0,11,0,0,0,0
1725.00,1.15,1,11,0,0,0,0
1260.00,0.84,1,22,1,0,0,0
2430.00,1.62,0,11,0,0,0,0
12000.00,3.00,0,11,0,0,80,0
4200.00,0.70,0,14,0,0,0,0
36540.00,4.06,3,16,0,0,30,1
720.00,0.90,0,10,0,0,0,0
1410.00,0.94,1,9,0,0,0,0
5670.00,0.63,1,22,0,0,0,0
696.00,0.87,0,21,0,0,50,0
4875.00,3.25,0,20,0,0,30,0
4850.00,1.94,0,10,0,0,50,0
7110.00,0.79,0,7,0,0,0,0
5880.00,0.98,0,19,0,0,0,0
424.00,0.53,0,11,0,0,0,0
1395.00,0.93,0,19,0,0,70,0
3650.00,1.46,1,20,0,1,0,0
5920.00,1.48,0,21,0,0,0,0
1425.00,0.95,0,15,0,0,0,0
2880.00,0.32,0,13,0,0,0,0
12900.00,2.15,0,16,0,0,0,0
5400.00,0.90,1,5,0,0,0,0
2600.00,0.65,0,13,0,0,70,0
2920.00,0.73,1,9,0,0,0,0
592.00,0.74,1,13,0,0,20,0
1075.00,0.43,0,20,0,1,0,0
4500.00,0.75,0,4,0,0,0,0
7110.00,0.79,0,15,1,0,0,0
13590.00,1.51,0,5,0,0,0,0
4080.00,0.68,1,21,0,0,50,0
2925.00,1.17,0,14,0,1,0,0
11430.00,1.27,0,13,1,0,0,0
9060.00,1.51,0,3,0,1,0,1
1680.00,2.10,1,14,0,0,50,0
3175.00,1.27,0,17,0,0,0,0
1072.00,1.34,0,13,0,0,0,0
11790.00,1.31,5,0,0,0,0,1
1775.00,0.71,0,0,0,0,0,0
650.00,0.26,2,7,0,0,0,0
4380.00,0.73,0,19,0,0,0,0
1755.00,1.17,0,0,0,0,0,0
600.00,0.75,0,12,0,0,50,0
5800.00,1.45,0,21,0,0,0,0
1065.00,0.71,0,7,0,0,0,0
1305.00,0.87,0,3,0,0,20,0
3450.00,2.30,0,0,0,0,0,0
5220.00,0.87,0,20,1,0,0,0
10080.00,1.68,1,22,0,0,0,0
6120.00,0.68,0,18,1,0,0,0
776.00,0.97,1,21,0,0,50,0
4020.00,0.67,1,16,0,0,20,0
6420.00,1.07,0,5,0,0,0,0
4320.00,0.72,0,15,0,0,20,0
1176.00,1.47,0,18,0,0,20,0
2240.00,0.56,0,10,0,0,0,0
552.00,0.69,0,13,0,0,0,0
8640.00,0.96,3,15,0,0,0,0
3000.00,0.75,0,17,0,0,0,0
4860.00,0.81,0,9,0,0,0,0
1005.00,0.67,0,13,0,0,0,0
824.00,1.03,2,17,0,0,50,0
856.00,1.07,0,11,1,0,0,0
11850.00,4.74,0,5,0,0,80,0
4575.00,3.05,1,7,0,0,30,0
3400.00,0.85,0,10,0,0,0,0
10440.00,1.16,0,2,0,0,0,0
616.00,0.77,0,6,0,0,50,0
2000.00,0.50,0,14,0,0,50,0
3840.00,0.64,1,2,0,0,50,1
784.00,0.98,0,10,0,0,50,0
792.00,0.99,0,22,0,0,50,0
328.00,0.41,1,13,0,0,0,0
4640.00,1.16,2,11,1,0,0,0
6480.00,0.72,0,10,0,0,50,0
3200.00,0.80,1,13,0,0,0,0
2040.00,0.51,0,11,0,0,50,0
4140.00,0.46,1,9,0,0,0,0
2600.00,1.04,1,20,1,0,0,0
960.00,0.64,1,23,0,0,0,0
14325.00,5.73,1,18,0,0,80,1
2640.00,0.66,1,18,0,0,0,0
2880.00,0.72,1,12,0,0,0,0
3425.00,1.37,1,12,1,0,0,0
2415.00,1.61,0,9,1,0,0,0
4280.00,1.07,3,20,0,0,0,0
11400.00,2.85,0,21,0,0,30,0
10080.00,1.12,4,0,1,0,50,1
6200.00,1.55,4,5,0,0,50,0
10275.00,6.85,1,4,0,0,30,1
5080.00,1.27,0,12,0,0,70,0
824.00,1.03,0,17,0,0,20,0
4560.00,1.14,0,10,0,0,20,0
54180.00,6.02,1,20,0,0,30,1
12420.00,1.38,1,12,0,0,50,1
3420.00,0.57,1,13,0,0,0,0
712.00,0.89,1,5,0,0,20,0
3950.00,1.58,0,3,0,0,50,0
11175.00,4.47,0,11,0,0,30,0
4240.00,1.06,0,1,0,0,0,0
1335.00,0.89,0,10,0,0,0,0
5340.00,0.89,0,2,0,0,0,0
9240.00,1.54,0,7,1,0,50,0
2100.00,0.84,1,7,0,0,50,0
2825.00,1.13,2,3,0,0,50,1
3225.00,1.29,0,6,0,0,0,0
752.00,0.94,1,16,0,0,0,0
6060.00,1.01,0,13,1,0,20,0
12420.00,2.07,0,12,0,0,0,0
528.00,0.66,2,9,0,0,0,0
7175.00,2.87,0,6,0,0,80,0
1515.00,1.01,1,17,0,0,0,0
1350.00,0.54,0,12,1,0,0,0
10080.00,1.12,2,14,0,0,0,0
1625.00,0.65,1,17,0,0,0,0
11340.00,1.26,1,18,1,0,0,0
41130.00,4.57,1,15,0,0,30,0
512.00,0.64,0,8,0,0,0,0
3450.00,1.38,0,20,0,0,0,0
3320.00,0.83,0,23,0,0,0,0
1096.00,1.37,1,14,0,0,50,0
21480.00,3.58,0,20,0,0,80,0
13900.00,5.56,0,5,0,0,80,1
472.00,0.59,1,15,0,0,0,0
2200.00,0.55,2,16,0,0,0,0
4080.00,1.02,0,17,1,0,0,0
1155.00,0.77,0,12,0,0,0,0
3280.00,0.82,1,18,0,1,50,0
7040.00,1.76,0,22,0,0,50,0
552.00,0.69,1,13,0,0,50,0
5160.00,1.29,1,6,0,0,0,0
1005.00,0.67,0,10,0,0,0,0
3450.00,2.30,0,9,0,0,0,0
4770.00,0.53,0,15,0,0,0,0
2875.00,1.15,0,13,0,0,0,0
6120.00,1.02,3,15,1,0,0,0
1888.00,2.36,0,19,1,0,50,1
6210.00,0.69,1,12,0,0,0,0
1575.00,1.05,4,17,0,0,50,1
7840.00,1.96,0,4,0,0,0,1
5080.00,1.27,0,20,0,0,0,0
4860.00,0.81,0,19,0,0,0,0
3640.00,0.91,0,13,0,0,50,0
3500.00,1.40,0,13,0,0,20,0
2775.00,1.11,0,11,0,0,0,0
1650.00,0.66,2,9,0,0,50,0
4080.00,0.68,0,15,0,0,50,0
10000.00,2.50,0,20,0,0,0,0
47340.00,5.26,0,22,0,0,30,0
2675.00,1.07,0,11,0,0,0,0
915.00,0.61,0,16,0,0,0,0
2600.00,3.25,0,2,0,0,30,0
760.00,0.95,0,1,0,0,0,0
360.00,0.45,5,9,1,0,0,1
1984.00,2.48,0,16,0,0,0,0
7470.00,0.83,0,12,0,0,0,0
3992.00,4.99,0,22,0,0,30,0
8190.00,0.91,0,15,0,0,0,0
6180.00,1.03,5,9,0,1,50,1
2025.00,1.35,0,12,0,0,0,0
3440.00,0.86,0,7,0,0,0,0
744.00,0.93,1,11,0,0,0,0
960.00,1.20,1,5,0,0,0,0
5800.00,1.45,0,22,0,0,0,0
2325.00,1.55,4,21,1,0,50,1
14130.00,1.57,1,19,0,0,0,0
2880.00,0.72,0,9,0,0,0,0
7920.00,0.88,0,20,0,1,0,0
7110.00,0.79,4,20,0,0,0,0
6960.00,1.16,0,14,1,0,50,0
10530.00,1.17,0,19,0,0,20,0
6600.00,2.64,1,8,0,0,30,0
14040.00,2.34,0,9,0,0,0,0
2250.00,0.90,0,8,0,0,0,0
8080.00,2.02,0,9,0,0,0,0
1240.00,0.31,1,8,0,0,0,0
1200.00,0.80,4,17,0,0,0,0
1875.00,0.75,1,17,0,0,0,0
3960.00,0.44,0,18,0,0,50,0
2575.00,1.03,0,14,0,0,20,0
944.00,1.18,1,22,0,0,50,0
1032.00,1.29,0,17,0,0,0,0
2800.00,1.12,0,23,0,0,0,0
5600.00,1.40,1,10,0,0,50,0
6660.00,1.11,0,8,0,0,50,0
32700.00,5.45,0,13,0,0,30,0
3345.00,2.23,0,4,0,0,50,0
6520.00,1.63,1,19,0,0,20,0
1600.00,2.00,0,22,0,0,0,0
808.00,1.01,1,11,0,0,0,0
3840.00,0.96,0,20,0,0,0,0
9960.00,1.66,0,10,0,0,0,0
12330.00,1.37,0,23,0,0,0,0
440.00,0.55,2,14,1,0,0,1
92880.00,10.32,1,6,1,0,30,1
1560.00,0.39,0,11,0,0,0,0
4000.00,1.00,0,14,0,0,0,0
3600.00,0.90,0,17,0,0,0,0
15405.00,10.27,2,17,0,1,30,1
2820.00,0.47,0,23,0,1,0,0
1770.00,1.18,4,19,0,0,0,0
2200.00,0.55,0,10,0,0,50,0
2720.00,0.68,0,8,0,0,0,0
18360.00,2.04,1,15,0,0,0,0
11160.00,1.24,1,12,0,0,0,0
1232.00,1.54,0,15,0,0,50,0
648.00,0.81,0,11,0,0,0,0
11580.00,1.93,0,8,0,0,0,0
34650.00,3.85,0,8,0,0,30,0
6080.00,1.52,2,14,0,0,0,0
672.00,0.84,0,21,0,0,0,0
5220.00,0.87,2,21,0,0,50,0
1020.00,0.68,0,11,0,0,0,0
1215.00,0.81,0,19,1,0,50,0
16440.00,4.11,1,19,0,0,30,0
1320.00,1.65,2,19,1,0,50,1
3120.00,0.52,0,10,0,0,50,0
984.00,1.23,1,17,0,0,0,0
1825.00,0.73,3,16,0,0,0,0
2940.00,0.49,0,13,0,0,0,0
5360.00,1.34,0,13,0,1,0,0
3780.00,0.42,0,23,0,0,0,0
3275.00,1.31,0,0,0,0,0,0
16830.00,1.87,0,22,0,0,0,0
1240.00,0.31,0,20,0,0,0,0
4680.00,0.78,3,19,0,0,0,0
1050.00,0.70,0,18,0,1,0,0
8100.00,0.90,3,17,0,0,0,0
3640.00,0.91,0,22,0,0,0,0
2080.00,0.52,0,14,0,0,0,0
5340.00,0.89,0,13,0,0,0,0
3450.00,1.38,2,21,1,0,0,1
4140.00,0.69,0,18,0,0,0,0
2525.00,1.01,0,8,0,0,50,0
49875.00,19.95,1,7,0,1,30,1
1216.00,1.52,0,23,0,0,0,0
7290.00,0.81,0,8,0,0,50,0
1850.00,0.74,1,17,0,0,20,0
2350.00,0.94,0,13,0,1,50,0
11825.00,4.73,0,10,0,0,30,0
3175.00,1.27,3,22,1,0,0,1
904.00,1.13,0,16,0,0,20,0
1352.00,1.69,0,9,0,0,50,0
3000.00,2.00,0,9,0,1,0,1
6930.00,0.77,0,21,0,0,0,0
2025.00,0.81,0,10,0,1,50,0
14160.00,2.36,1,9,1,0,0,1
10440.00,1.16,2,19,0,0,50,0
2475.00,0.99,0,10,0,0,0,0
3660.00,0.61,0,8,0,0,0,0
9480.00,1.58,1,14,0,0,0,0
8370.00,5.58,0,15,0,0,30,0
5025.00,3.35,0,15,0,0,30,0
855.00,0.57,1,19,0,1,50,0
792.00,0.99,6,21,0,0,0,0
3850.00,1.54,0,22,0,0,50,0
5880.00,1.47,1,22,0,0,0,0
46140.00,7.69,0,11,0,0,80,0
1500.00,1.00,0,16,0,0,0,0
33570.00,3.73,3,8,0,0,50,0
4380.00,0.73,1,13,0,0,0,0
2800.00,0.70,3,12,0,0,0,0
11700.00,1.30,0,1,0,0,0,0
2100.00,0.84,2,15,0,0,0,0
9990.00,6.66,1,18,1,0,100,1
432.00,0.54,1,10,0,0,50,0
9000.00,1.00,0,0,0,0,50,0
1650.00,1.10,0,16,0,0,0,0
6675.00,2.67,0,9,0,0,30,0
1152.00,1.44,0,21,0,0,50,0
1425.00,0.95,0,21,0,0,0,0
2975.00,1.19,1,21,0,0,0,0
960.00,0.64,0,21,0,0,0,0
16740.00,1.86,0,23,0,0,0,0
1700.00,0.68,2,4,0,0,50,0
31500.00,5.25,1,17,0,0,80,1
2550.00,1.02,0,12,0,0,0,0
2115.00,1.41,1,13,0,0,0,0
560.00,0.70,2,18,0,0,0,0
4250.00,1.70,4,14,0,0,0,0
23490.00,2.61,0,11,0,0,80,0
7800.00,1.95,2,11,1,0,0,1
8280.00,0.92,2,15,0,0,50,0
1850.00,0.74,0,16,0,0,0,0
1400.00,0.56,3,22,0,0,0,0
5820.00,0.97,5,11,0,0,0,0
496.00,0.62,0,5,0,0,50,0
13500.00,1.50,0,18,0,0,50,0
1296.00,1.62,0,20,0,1,20,1
872.00,1.09,0,13,0,0,50,0
6480.00,0.72,1,14,0,0,0,0
720.00,0.90,0,16,0,0,0,0
2656.00,3.32,2,9,0,1,80,1
3300.00,1.32,0,2,0,0,50,0
1620.00,1.08,0,20,0,0,0,0
5120.00,1.28,0,21,0,0,0,0
7020.00,1.17,0,14,0,1,0,0
2340.00,0.39,6,21,0,0,0,0
85020.00,14.17,1,9,0,0,30,1
952.00,1.19,0,11,0,0,50,0
10260.00,1.14,3,23,0,0,50,0
4320.00,0.72,0,22,0,0,50,0
736.00,0.92,0,17,0,0,0,0
9270.00,1.03,2,22,0,0,0,0
6900.00,1.15,0,14,0,0,0,0
544.00,0.68,0,5,0,0,0,0
2225.00,0.89,0,23,0,0,0,0
7320.00,1.22,3,23,0,0,50,1
7380.00,0.82,0,7,0,1,0,0
12060.00,1.34,0,9,0,0,0,0
930.00,0.62,1,18,0,0,0,0
2664.00,3.33,0,22,0,0,80,0
720.00,0.90,0,11,0,0,0,0
496.00,0.62,1,7,1,0,0,0
960.00,0.64,0,8,1,0,0,0
816.00,1.02,0,15,0,0,0,0
1395.00,0.93,1,16,0,0,0,0
816.00,1.02,0,13,0,0,0,0
4680.00,1.17,0,21,0,0,0,0
2720.00,0.68,1,6,0,0,0,0
1880.00,0.47,0,15,0,0,50,0
1000.00,0.40,0,19,0,1,0,0
1250.00,0.50,1,12,0,1,0,0
3320.00,0.83,0,16,0,0,0,0
56790.00,6.31,1,8,0,0,30,0
13320.00,1.48,0,10,0,0,0,0
1980.00,1.32,5,5,0,0,50,1
5505.00,3.67,1,14,0,0,30,1
1150.00,0.46,1,21,0,0,0,0
1625.00,0.65,0,23,0,0,0,0
7995.00,5.33,1,20,0,0,80,0
2130.00,1.42,0,8,0,0,50,0
5000.00,2.00,0,18,0,0,0,0
3250.00,1.30,0,19,1,0,0,0
1368.00,1.71,0,5,0,0,50,0
2050.00,0.82,0,12,0,0,50,0
8280.00,0.92,0,13,0,0,0,0
3600.00,0.60,0,16,0,0,50,0
22980.00,3.83,1,19,0,0,30,0
672.00,0.84,1,11,0,0,0,0
11600.00,2.90,0,12,0,1,30,0
735.00,0.49,0,11,0,0,50,0
3825.00,1.53,1,12,0,0,0,0
2950.00,1.18,1,14,0,0,0,0
9000.00,1.50,1,8,1,0,0,0
2200.00,0.55,3,12,0,0,0,0
5295.00,3.53,0,17,0,0,80,1
1375.00,0.55,0,8,0,0,0,0
11580.00,1.93,0,8,0,0,0,0
7200.00,1.20,3,21,0,0,0,0
3150.00,1.26,0,14,0,0,0,0
936.00,1.17,0,13,0,0,0,0
11610.00,1.29,0,23,0,0,0,0
1650.00,0.66,1,13,0,0,0,0
990.00,0.66,1,7,0,0,50,0
8120.00,2.03,1,5,0,0,50,0
1770.00,1.18,5,7,1,0,0,1
33680.00,8.42,0,13,0,0,30,0
6180.00,1.03,0,23,0,0,50,0
480.00,0.60,1,8,0,0,50,0
71010.00,7.89,0,10,0,0,50,0
8460.00,1.41,1,10,0,0,0,0
2168.00,2.71,0,16,0,0,30,0
8220.00,1.37,0,12,0,0,0,0
3975.00,1.59,0,9,0,0,20,0
3680.00,0.92,1,16,0,0,0,0
2275.00,0.91,0,10,0,0,0,0
14670.00,1.63,0,11,0,0,20,0
5400.00,1.35,0,2,0,0,0,0
1900.00,0.76,0,13,0,0,0,0
3060.00,0.51,3,17,0,0,0,0
15390.00,1.71,0,21,0,0,50,0
1875.00,1.25,0,3,0,0,50,1
1545.00,1.03,2,22,0,1,0,1
48600.00,8.10,0,15,0,0,30,0
5880.00,0.98,0,6,0,0,0,0
5700.00,0.95,0,5,0,0,0,0
5160.00,1.29,0,15,0,0,50,0
5125.00,2.05,1,15,0,0,0,0
7760.00,1.94,0,20,0,0,20,0
5100.00,0.85,1,16,0,0,0,0
14490.00,1.61,0,10,0,0,0,0
6930.00,0.77,0,19,0,0,0,0
1008.00,1.26,0,0,0,0,50,0
720.00,0.48,0,22,0,0,50,0
5760.00,1.44,0,17,0,0,0,0
840.00,0.56,1,16,1,0,0,0
5600.00,1.40,0,5,0,0,0,0
5680.00,1.42,0,8,0,0,0,0
4160.00,1.04,4,13,0,0,0,0
6920.00,1.73,1,16,0,0,0,0
3160.00,0.79,5,5,0,0,0,0
13200.00,2.20,0,21,0,0,50,0
736.00,0.92,0,11,0,0,50,0
1950.00,0.78,0,15,1,0,0,0
810.00,0.54,1,8,0,0,0,0
3450.00,1.38,1,17,0,0,0,0
2525.00,1.01,0,10,0,0,0,0
2880.00,0.72,1,5,1,0,0,1
9810.00,1.09,2,13,0,1,0,0
3360.00,2.24,0,5,0,0,0,0
4200.00,1.68,0,6,0,0,0,0
4560.00,1.14,0,6,0,0,0,0
5805.00,3.87,1,16,0,0,80,0
15885.00,10.59,0,19,0,0,30,0
2840.00,0.71,0,12,1,0,0,0
7840.00,1.96,0,10,0,0,0,0
1710.00,0.19,5,20,0,1,50,1
7040.00,1.76,0,19,0,0,20,0
9180.00,1.02,0,13,0,0,0,0
7480.00,1.87,0,8,0,0,0,0
900.00,0.60,0,8,0,0,0,0
1975.00,0.79,1,15,0,0,0,0
7830.00,0.87,0,14,0,0,50,0
1515.00,1.01,1,22,0,1,0,0
2295.00,1.53,0,16,0,0,0,0
4500.00,0.75,0,4,0,0,0,0
6540.00,1.09,3,16,0,0,0,0
8800.00,2.20,1,8,0,0,0,0
8720.00,2.18,1,18,0,0,50,0
1760.00,0.44,0,13,0,0,0,0
1008.00,1.26,3,10,0,1,0,1
4040.00,1.01,5,21,0,0,0,1
1032.00,1.29,1,6,0,0,0,0
4680.00,1.17,0,17,0,0,0,0
4680.00,0.52,0,21,1,0,0,0
16830.00,1.87,0,10,0,0,0,0
2825.00,1.13,1,15,0,0,0,0
592.00,0.74,0,6,0,0,0,0
1168.00,1.46,0,13,0,0,20,0
6720.00,1.68,0,10,0,0,0,0
3920.00,0.98,1,3,0,0,50,1
408.00,0.51,1,5,0,0,0,0
3045.00,2.03,2,22,0,0,0,0
4350.00,1.74,2,9,0,0,50,0
12060.00,1.34,0,6,0,0,50,0
6360.00,1.06,1,17,0,0,50,0
5272.00,6.59,3,13,0,0,30,1
6420.00,1.07,1,9,0,0,0,0
4525.00,1.81,0,18,0,0,0,0
2340.00,0.26,0,21,0,0,0,0
1568.00,1.96,0,11,0,0,0,0
18360.00,2.04,1,18,0,0,0,0
33570.00,3.73,0,13,0,0,80,0
2850.00,1.14,3,22,0,0,50,0
1008.00,1.26,0,1,0,1,0,1
5880.00,0.98,0,17,0,0,0,0
2225.00,0.89,1,15,0,0,50,0
4960.00,1.24,0,23,0,0,0,0
8160.00,1.36,0,20,0,0,0,0
12840.00,2.14,3,15,0,0,50,0
456.00,0.57,0,22,0,0,50,0
2670.00,1.78,0,18,0,0,0,0
2760.00,0.69,0,16,0,0,50,0
1975.00,0.79,0,9,0,0,50,0
1040.00,1.30,1,21,0,0,0,0
2900.00,1.16,0,12,1,0,50,0
4560.00,0.76,0,16,0,0,0,0
39600.00,6.60,1,12,0,0,50,1
7140.00,1.19,1,11,0,0,0,0
1830.00,1.22,0,8,0,0,0,0
5800.00,1.45,0,13,0,0,0,0
1230.00,0.82,7,12,0,0,50,0
1905.00,1.27,1,5,0,0,0,0
2820.00,0.47,0,2,0,0,20,0
5850.00,0.65,0,19,0,0,0,0
3240.00,0.54,0,20,0,0,0,0
55140.00,9.19,1,16,0,0,30,1
320.00,0.40,1,9,0,0,0,0
10350.00,1.15,0,11,0,0,0,0
5220.00,0.87,0,13,0,0,50,0
2680.00,0.67,0,11,0,0,50,0
4450.00,1.78,1,17,0,0,0,0
10480.00,2.62,0,10,0,0,30,0
5720.00,1.43,0,5,0,0,0,0
5960.00,1.49,2,5,0,1,0,1
5310.00,0.59,0,14,0,0,0,0
3510.00,0.39,0,15,1,0,0,0
20970.00,2.33,0,8,0,0,0,0
2080.00,0.52,0,7,0,0,20,0
3560.00,0.89,0,21,0,0,0,0
6300.00,0.70,1,15,0,0,50,0
4240.00,1.06,0,22,0,0,0,0
2725.00,1.09,0,14,1,0,0,0
392.00,0.49,3,22,0,0,0,0
1112.00,1.39,5,9,1,0,0,1
4400.00,1.10,0,11,0,0,50,0
11275.00,4.51,0,19,0,0,80,1
9000.00,1.00,0,18,0,0,0,0
11880.00,1.98,0,18,0,0,0,0
5240.00,1.31,0,21,0,0,50,0
1184.00,1.48,1,22,0,0,50,0
544.00,0.68,0,19,0,0,0,0
1905.00,1.27,0,11,0,0,70,0
2610.00,1.74,0,15,0,0,0,0
7650.00,0.85,5,21,0,0,0,1
1815.00,1.21,0,21,0,0,0,0
2640.00,0.44,4,5,0,0,50,0
5490.00,0.61,1,7,0,0,0,0
11250.00,1.25,1,15,0,0,0,0
2575.00,1.03,6,7,0,0,50,0
1048.00,1.31,1,8,0,0,0,0
840.00,0.56,3,21,0,0,0,0
1845.00,1.23,1,14,1,0,0,0
1800.00,0.45,0,19,0,0,0,0
6900.00,2.76,0,8,0,1,80,0
4520.00,1.13,0,21,0,0,50,0
808.00,1.01,1,14,1,0,0,0
656.00,0.82,0,22,0,0,0,0
3480.00,0.58,1,20,0,0,0,0
6480.00,0.72,0,19,0,0,0,0
1620.00,1.08,3,14,0,0,0,1
1900.00,0.76,0,10,0,0,0,0
1920.00,1.28,0,7,0,0,0,0
2280.00,1.52,0,22,0,0,0,0
2120.00,0.53,0,11,0,1,20,0
6300.00,0.70,0,1,0,0,0,0
4520.00,1.13,0,17,0,0,0,0
9960.00,1.66,1,15,0,0,0,0
3360.00,0.84,3,11,0,0,50,0
2010.00,1.34,1,17,0,0,0,0
1410.00,0.94,1,16,0,0,0,0
855.00,0.57,4,4,0,0,0,1
1830.00,1.22,0,22,0,0,0,0
3240.00,0.54,0,2,0,0,0,0
3375.00,1.35,0,21,0,0,50,0
3400.00,1.36,0,6,0,0,0,0
2550.00,1.02,0,14,0,0,0,0
840.00,1.05,0,13,0,0,0,0
47340.00,5.26,1,20,1,0,30,1
1312.00,1.64,0,13,0,0,50,0
16110.00,1.79,4,18,0,1,0,1
6120.00,1.02,1,18,0,0,50,0
816.00,1.02,0,10,0,0,50,0
4675.00,1.87,0,13,0,0,20,0
376.00,0.47,0,17,0,0,0,0
15480.00,1.72,0,12,0,0,50,0
1016.00,1.27,0,22,0,0,50,0
47790.00,5.31,0,23,0,0,30,0
5240.00,1.31,0,14,0,0,0,0
1600.00,2.00,0,14,0,1,0,0
4240.00,1.06,1,15,0,0,50,0
31140.00,3.46,0,14,0,0,30,0
9420.00,1.57,0,10,0,0,0,0
1225.00,0.49,0,12,0,0,0,0
6180.00,1.03,1,13,0,0,0,0
5640.00,1.41,1,6,0,1,0,0
6720.00,1.12,0,19,0,0,0,0
8580.00,1.43,1,14,0,0,20,0
1925.00,0.77,0,13,0,0,0,0
4275.00,1.71,2,14,0,0,0,0
3280.00,0.82,0,8,0,0,0,0
3060.00,2.04,0,10,0,0,0,0
5220.00,0.87,0,2,0,0,0,0
1410.00,0.94,0,8,0,0,50,0
2985.00,1.99,0,5,0,0,0,0
2300.00,0.92,0,18,0,0,50,0
9090.00,1.01,1,23,0,0,50,0
6060.00,1.01,0,6,0,0,0,0
1830.00,1.22,0,22,0,0,0,0
1395.00,0.93,1,4,0,0,0,0
2800.00,1.12,0,21,0,1,0,0
2145.00,1.43,1,21,0,0,50,0
5400.00,0.60,0,15,0,0,0,0
8580.00,1.43,0,11,0,1,0,0
2675.00,1.07,0,4,0,0,0,0
2520.00,0.63,1,23,0,1,0,0
7960.00,1.99,1,20,0,0,0,0
5025.00,2.01,0,15,0,0,0,0
5550.00,2.22,0,20,0,0,70,0
30660.00,5.11,1,23,0,0,30,1
6960.00,1.74,0,6,0,0,0,0
11085.00,7.39,0,7,0,1,30,1
536.00,0.67,5,13,0,0,50,1
1875.00,0.75,1,8,0,0,0,0
3000.00,0.75,0,15,0,0,50,0
656.00,0.82,0,13,0,0,50,0
584.00,0.73,0,14,0,0,50,0
4760.00,1.19,0,23,0,0,0,0
7650.00,0.85,3,7,0,0,0,0
1755.00,1.17,3,11,0,1,0,0
872.00,1.09,1,22,0,0,0,0
7680.00,1.28,1,15,0,1,50,0
3216.00,4.02,0,9,0,0,80,0
5100.00,0.85,0,11,0,0,0,0
35460.00,3.94,0,13,0,0,30,0
855.00,0.57,0,6,0,0,50,0
3650.00,1.46,0,15,0,1,0,0
4500.00,0.75,1,3,0,0,0,1
1975.00,0.79,2,21,0,0,70,1
6030.00,0.67,0,19,0,0,50,0
3000.00,0.50,1,5,1,0,0,0
3000.00,1.20,0,12,0,0,50,0
885.00,0.59,0,21,0,0,0,0
2725.00,1.09,4,14,0,0,0,0
14670.00,1.63,0,11,0,0,0,0
14940.00,2.49,0,2,0,0,0,0
8580.00,1.43,0,22,0,1,20,0
2225.00,0.89,0,18,0,0,50,0
5700.00,0.95,1,15,1,0,0,0
1560.00,1.04,1,20,0,0,0,0
4560.00,0.76,0,11,1,0,50,0
6960.00,1.16,0,14,0,0,0,0
7040.00,1.76,1,9,0,0,0,0
1095.00,0.73,0,9,0,0,0,0
8400.00,1.40,0,16,0,0,0,0
1168.00,1.46,0,22,0,0,0,0
20100.00,3.35,0,20,0,0,30,0
3360.00,0.84,1,10,0,0,20,0
10240.00,2.56,5,21,1,0,30,1
1248.00,1.56,0,21,0,0,0,0
6840.00,0.76,4,17,0,0,0,0
8160.00,2.04,3,16,0,0,50,0
8640.00,1.44,1,0,0,0,0,0
1665.00,1.11,0,19,0,0,20,0
2400.00,0.60,3,20,0,0,50,0
825.00,0.55,0,20,0,0,50,0
3525.00,1.41,2,17,0,0,0,1
4080.00,0.68,2,21,0,0,0,0
20640.00,3.44,0,16,0,0,30,0
376.00,0.47,1,17,1,0,20,1
2025.00,0.81,0,18,1,1,0,1
1325.00,0.53,1,12,0,0,50,0
7380.00,0.82,2,8,0,0,0,0
976.00,1.22,0,19,0,0,50,0
2370.00,1.58,3,0,0,0,50,1
1185.00,0.79,1,18,0,0,50,0
4350.00,1.74,1,13,0,0,0,0
2070.00,1.38,0,16,0,0,0,0
2075.00,0.83,1,17,0,0,50,0
5160.00,1.29,1,12,1,0,0,0
1008.00,1.26,0,18,0,0,0,0
928.00,1.16,0,16,0,0,0,0
7620.00,1.27,0,18,0,0,50,0
920.00,1.15,0,10,0,0,0,0
18000.00,3.00,1,12,0,0,80,0
7825.00,3.13,0,15,0,0,50,0
840.00,0.56,0,6,0,0,70,0
2480.00,0.62,2,18,0,0,50,0
1776.00,2.22,0,14,0,0,0,0
824.00,1.03,0,17,0,0,0,0
3520.00,0.88,4,9,1,1,0,1
975.00,0.65,1,7,0,0,50,0
5760.00,0.64,0,13,0,1,0,0
77220.00,8.58,0,11,1,0,30,1
13500.00,1.50,1,6,0,0,20,0
20070.00,2.23,0,12,0,0,0,0
9600.00,1.60,3,11,0,0,0,0
3800.00,1.52,0,19,1,0,0,1
3840.00,0.96,0,23,0,0,0,0
5940.00,0.99,2,20,0,0,70,0
5160.00,1.29,0,17,0,0,50,0
2025.00,1.35,0,12,0,0,0,0
688.00,0.86,3,17,0,0,0,0
1048.00,1.31,0,22,0,1,0,0
6210.00,0.69,0,17,0,0,0,0
10500.00,1.75,2,15,0,0,0,0
5760.00,0.96,0,16,0,1,0,0
4260.00,0.71,4,0,1,0,0,1
840.00,1.05,0,16,1,0,0,0
3504.00,4.38,1,13,0,0,50,0
14580.00,1.62,3,1,0,0,50,1
5280.00,0.88,0,23,0,0,0,0
10800.00,2.70,0,23,0,0,80,0
1920.00,0.48,2,19,0,0,50,0
8580.00,1.43,0,5,0,0,0,0
6840.00,0.76,0,20,0,0,50,0
3875.00,1.55,0,17,0,0,0,0
9320.00,2.33,2,9,1,0,0,1
510.00,0.34,0,21,0,0,0,0
6930.00,0.77,0,18,0,0,0,0
4740.00,0.79,0,8,0,0,0,0
752.00,0.94,0,22,0,1,0,0
1110.00,0.74,0,8,0,0,0,0
1215.00,0.81,0,12,0,0,50,0
5160.00,0.86,0,15,0,0,0,0
4000.00,1.60,0,8,0,0,0,0
600.00,0.40,4,21,0,0,50,0
920.00,1.15,0,13,0,0,0,0
23400.00,3.90,1,3,1,0,50,1
2850.00,1.14,0,1,0,0,0,0
1410.00,0.94,0,10,1,0,0,0
1440.00,0.36,0,13,0,0,50,0
61920.00,6.88,0,23,0,0,30,1
5400.00,0.90,1,15,0,0,0,0
10980.00,1.22,0,8,0,0,0,0
368.00,0.46,1,8,1,0,0,0
6200.00,2.48,0,8,0,0,0,0
6840.00,0.76,1,15,0,0,0,0
2450.00,0.98,0,21,0,0,0,0
2125.00,0.85,0,21,0,0,50,0
1760.00,0.44,1,0,0,0,0,0
3350.00,1.34,0,12,0,0,50,0
3960.00,0.66,0,5,0,0,0,0
2440.00,0.61,0,16,0,0,0,0
5085.00,3.39,1,1,0,0,30,1
1170.00,0.78,1,23,0,0,50,0
3825.00,1.53,0,7,0,0,0,0
6030.00,0.67,0,16,0,0,0,0
1725.00,0.69,1,9,0,0,0,0
4785.00,3.19,1,6,0,0,30,0
17120.00,4.28,1,12,0,0,50,0
3350.00,1.34,1,13,0,0,50,0
11520.00,1.28,2,11,0,0,0,0
9000.00,1.50,5,4,0,0,0,1
808.00,1.01,1,12,0,0,0,0
5880.00,1.47,2,6,0,0,50,0
544.00,0.68,2,14,0,0,0,0
3850.00,1.54,1,18,0,1,0,0
8820.00,0.98,0,15,0,0,0,0
2430.00,1.62,0,12,0,1,20,0
840.00,0.56,0,20,0,0,0,0
2280.00,0.57,2,5,1,0,0,0
9720.00,1.08,0,18,0,1,0,0
2568.00,3.21,1,15,0,0,30,0
30960.00,3.44,0,11,0,0,30,0
17550.00,1.95,0,5,0,0,0,0
7800.00,1.30,7,5,0,0,0,1
4360.00,1.09,2,21,0,0,0,0
1455.00,0.97,0,18,0,0,0,0
10350.00,1.15,0,17,0,0,0,0
16920.00,1.88,1,22,0,0,50,0
9270.00,1.03,0,9,0,0,0,0
7380.00,0.82,2,8,0,0,0,0
8520.00,1.42,0,8,0,0,50,0
1320.00,1.65,0,10,0,0,0,0
82200.00,13.70,1,23,0,0,80,1
1960.00,0.49,1,16,0,0,50,0
12420.00,2.07,0,9,0,1,0,0
7860.00,1.31,2,19,0,0,0,0
5200.00,1.30,6,16,0,0,50,0
1384.00,1.73,0,15,0,0,20,0
3090.00,2.06,1,18,0,0,50,0
3480.00,0.58,0,22,0,0,0,0
1110.00,0.74,0,14,0,0,0,0
1024.00,1.28,0,15,0,1,0,0
12240.00,1.36,1,10,0,0,0,0
936.00,1.17,1,7,0,0,50,0
984.00,1.23,0,14,0,0,0,0
3520.00,0.88,3,23,0,0,0,0
6075.00,4.05,0,15,0,0,30,0
5580.00,0.93,1,15,1,0,0,0
5040.00,0.84,0,13,0,0,50,0
8760.00,1.46,0,2,0,0,70,1
1200.00,0.80,0,12,0,0,50,0
728.00,0.91,1,21,0,0,0,0
1625.00,0.65,0,5,0,1,0,0
1425.00,0.57,0,22,0,0,0,0
5520.00,1.38,0,16,0,0,0,0
24040.00,6.01,0,8,0,0,30,0
19710.00,2.19,0,16,1,0,0,0
70110.00,7.79,0,17,0,0,30,0
920.00,1.15,0,10,0,1,50,0
1200.00,0.80,0,12,0,0,0,0
1525.00,0.61,0,22,0,0,50,0
3075.00,2.05,0,13,0,0,50,0
11070.00,1.23,1,22,0,0,0,0
632.00,0.79,1,18,0,0,0,0
1100.00,0.44,1,22,0,0,0,0
2640.00,0.44,0,18,0,0,50,0
536.00,0.67,0,22,0,1,0,0
7200.00,1.80,0,23,0,0,0,0
1230.00,0.82,0,9,0,0,0,0
1755.00,1.17,0,5,0,1,50,0
